streetsboro,oh
glendale,az
montréal,qc
pickering,on
solon,oh
north york,on
brampton,on
waxhaw,nc
woodbridge,on
brunswick,oh
north olmsted,oh
belmont,nc
peoria,az
newmarket,on
north las vegas,nv
rocky river,oh
independence,oh
kent,oh
vaughan,on
matthews,nc
toronto,on
madison,wi
wexford,pa
monona,wi
north royalton,oh
montreal,qc
scarborough,on
tempe,az
etobicoke,on
laveen,az
paradise valley,az
sindelfingen,bw
kannapolis,nc
gastonia,nc
cleveland heights,oh
mayfield heights,oh
west mifflin,pa
las vegas,nv
cornelius,nc
champaign,il
henderson,nv
bridgeville,pa
chagrin falls,oh
litchfield park,az
charlotte,nc
willoughby,oh
verona,wi
ludwigsburg,bw
aurora,on
coraopolis,pa
hudson,oh
thornhill,on
middleton,wi
surprise,az
fitchburg,wi
cleveland,oh
westlake,oh
lakewood,oh
beachwood,oh
edinburgh,mln
markham,on
gilbert,az
huntersville,nc
east york,on
sun prairie,wi
parma,oh
bethel park,pa
stow,oh
scottsdale,az
indian trail,nc
pittsburgh,pa
fairlawn,oh
tolleson,az
sun city,az
esslingen,bw
strongsville,oh
canonsburg,pa
mentor,oh
saint-laurent,qc
whitby,on
stuttgart,bw
richmond hill,on
chandler,az
böblingen,bw
concord,nc
homestead,pa
ajax,on
edinburgh,edh
fort mill,sc
mississauga,on
medina,oh
pineville,nc
avon,oh
urbana,il
cuyahoga falls,oh
boulder city,nv
dollard-des-ormeaux,qc
fountain hills,az
oakville,on
goodyear,az
mesa,az
avondale,az
verdun,qc
laval,qc
phoenix,az
elyria,oh
brossard,qc
cave creek,az
monroeville,pa
