las vegas,nv
homestead,pa
streetsboro,oh
macedonia,oh
fort mill,sc
glendale,az
cornelius,nc
sun prairie,wi
lyndhurst,oh
harrisburg,nc
solon,oh
champaign,il
allison park,pa
henderson,nv
parma,oh
mint hill,nc
bethel park,pa
pineville,nc
middleburg heights,oh
avon,oh
gibsonia,pa
waxhaw,nc
urbana,il
brunswick,oh
cuyahoga falls,oh
stow,oh
bridgeville,pa
north olmsted,oh
bedford,oh
belmont,nc
chagrin falls,oh
scottsdale,az
stoughton,wi
indian trail,nc
carnegie,pa
pittsburgh,pa
mcmurray,pa
boulder city,nv
peoria,az
tolleson,az
litchfield park,az
davidson,nc
woodmere,oh
paradise valley,az
northfield,oh
irwin,pa
sun city,az
charlotte,nc
willoughby,oh
fountain hills,az
north las vegas,nv
verona,wi
sun city west,az
strongsville,oh
wickliffe,oh
rocky river,oh
goodyear,az
independence,oh
mckees rocks,pa
sewickley,pa
canonsburg,pa
kent,oh
matthews,nc
mesa,az
avondale,az
coraopolis,pa
aurora,oh
brecksville,oh
hudson,oh
parma heights,oh
euclid,oh
madison,wi
wexford,pa
fairview park,oh
medina,oh
monona,wi
broadview heights,oh
middleton,wi
painesville,oh
north royalton,oh
surprise,az
monroeville,pa
lorain,oh
fairlawn,oh
fitchburg,wi
murrysville,pa
phoenix,az
anthem,az
el mirage,az
cleveland,oh
elyria,oh
twinsburg,oh
westlake,oh
lakewood,oh
tempe,az
chandler,az
beachwood,oh
mentor,oh
carefree,az
avon lake,oh
brooklyn,oh
laveen,az
berea,oh
cave creek,az
amherst,oh
oregon,wi
south euclid,oh
north ridgeville,oh
concord,nc
kannapolis,nc
gilbert,az
waunakee,wi
huntersville,nc
san tan valley,az
gastonia,nc
cleveland heights,oh
new kensington,pa
mayfield heights,oh
west mifflin,pa
savoy,il
